[{
  "_id": {
    "$oid": "6630f1c2296895a558e36c7d"
  },
  "name": "Sudhesh",
  "item": "Welkin",
  "UID": 851035299,
  "price": 370,
  "purchaseDate": "October 29, 2023",
  "PublicpurchaseDate": {
    "$date": "2023-10-29T00:00:00.000Z"
  },
  "isPurchase": true,
  "isPaid": true,
  "__v": 0
},
{
  "_id": {
    "$oid": "6630f1de296895a558e36c81"
  },
  "name": "Sudhesh",
  "item": "Welkin",
  "UID": 851035299,
  "price": 380,
  "purchaseDate": "November 29, 2023",
  "PublicpurchaseDate": {
    "$date": "2023-11-29T00:00:00.000Z"
  },
  "isPurchase": true,
  "isPaid": true,
  "__v": 0
},
{
  "_id": {
    "$oid": "6630f1fe296895a558e36c85"
  },
  "name": "Kaushal Raj",
  "item": "Welkin",
  "UID": 821612784,
  "price": 380,
  "purchaseDate": "December 2, 2023",
  "PublicpurchaseDate": {
    "$date": "2023-12-02T00:00:00.000Z"
  },
  "isPurchase": true,
  "isPaid": true,
  "__v": 0
},
{
  "_id": {
    "$oid": "6630f21e296895a558e36c89"
  },
  "name": "Sudhesh",
  "item": "Welkin",
  "UID": 851035299,
  "price": 370,
  "purchaseDate": "December 5, 2023",
  "PublicpurchaseDate": {
    "$date": "2023-12-05T00:00:00.000Z"
  },
  "isPurchase": true,
  "isPaid": true,
  "__v": 0
},
{
  "_id": {
    "$oid": "6630f234296895a558e36c8d"
  },
  "name": "Abhi Pal",
  "item": "Welkin",
  "UID": 819275445,
  "price": 380,
  "purchaseDate": "December 10, 2023",
  "PublicpurchaseDate": {
    "$date": "2023-12-10T00:00:00.000Z"
  },
  "isPurchase": true,
  "isPaid": true,
  "__v": 0
},
{
  "_id": {
    "$oid": "6630f257296895a558e36c91"
  },
  "name": "Xinatrez",
  "item": "Welkin",
  "UID": 878943666,
  "price": 385,
  "purchaseDate": "December 14, 2023",
  "PublicpurchaseDate": {
    "$date": "2023-12-14T00:00:00.000Z"
  },
  "isPurchase": true,
  "isPaid": true,
  "__v": 0
},
{
  "_id": {
    "$oid": "6630f27f296895a558e36c95"
  },
  "name": "Xinatrez",
  "item": "Welkin",
  "UID": 862541594,
  "price": 390,
  "purchaseDate": "December 18, 2023",
  "PublicpurchaseDate": {
    "$date": "2023-12-18T00:00:00.000Z"
  },
  "isPurchase": true,
  "isPaid": true,
  "__v": 0
},
{
  "_id": {
    "$oid": "6630f2a0296895a558e36c97"
  },
  "name": "Chad Vergil",
  "item": "Welkin",
  "UID": 808030108,
  "price": 400,
  "purchaseDate": "December 19, 2023",
  "PublicpurchaseDate": {
    "$date": "2023-12-19T00:00:00.000Z"
  },
  "isPurchase": true,
  "isPaid": true,
  "__v": 0
},
{
  "_id": {
    "$oid": "6630f2be296895a558e36c9b"
  },
  "name": "Abhi Pal",
  "item": "Welkin",
  "UID": 819275445,
  "price": 390,
  "purchaseDate": "January 8, 2024",
  "PublicpurchaseDate": {
    "$date": "2024-01-08T00:00:00.000Z"
  },
  "isPurchase": true,
  "isPaid": true,
  "__v": 0
},
{
  "_id": {
    "$oid": "6630f2db296895a558e36c9f"
  },
  "name": "Simar Sama",
  "item": "Welkin",
  "UID": 808224783,
  "price": 390,
  "purchaseDate": "January 10, 2024",
  "PublicpurchaseDate": {
    "$date": "2024-01-10T00:00:00.000Z"
  },
  "isPurchase": true,
  "isPaid": true,
  "__v": 0
},
{
  "_id": {
    "$oid": "6630f2f3296895a558e36ca1"
  },
  "name": "Chad Vergil",
  "item": "Welkin",
  "UID": 808030108,
  "price": 400,
  "purchaseDate": "January 14, 2024",
  "PublicpurchaseDate": {
    "$date": "2024-01-14T00:00:00.000Z"
  },
  "isPurchase": true,
  "isPaid": true,
  "__v": 0
},
{
  "_id": {
    "$oid": "6630f319296895a558e36ca5"
  },
  "name": "Archie Playz",
  "item": "Welkin",
  "UID": 837044546,
  "price": 400,
  "purchaseDate": "January 22, 2024",
  "PublicpurchaseDate": {
    "$date": "2024-01-22T00:00:00.000Z"
  },
  "isPurchase": true,
  "isPaid": true,
  "__v": 0
},
{
  "_id": {
    "$oid": "6630f339296895a558e36ca9"
  },
  "name": "Immortal4L",
  "item": "Welkin",
  "UID": 832707332,
  "price": 400,
  "purchaseDate": "January 26, 2024",
  "PublicpurchaseDate": {
    "$date": "2024-01-26T00:00:00.000Z"
  },
  "isPurchase": true,
  "isPaid": true,
  "__v": 0
},
{
  "_id": {
    "$oid": "6630f358296895a558e36cad"
  },
  "name": "Archie Playz",
  "item": "Welkin",
  "UID": 801298445,
  "price": 400,
  "purchaseDate": "February 8, 2024",
  "PublicpurchaseDate": {
    "$date": "2024-02-08T00:00:00.000Z"
  },
  "isPurchase": true,
  "isPaid": true,
  "__v": 0
},
{
  "_id": {
    "$oid": "6630f368296895a558e36caf"
  },
  "name": "Archie Playz",
  "item": "Welkin",
  "UID": 801298445,
  "price": 400,
  "purchaseDate": "February 8, 2024",
  "PublicpurchaseDate": {
    "$date": "2024-02-08T00:00:00.000Z"
  },
  "isPurchase": true,
  "isPaid": true,
  "__v": 0
},
{
  "_id": {
    "$oid": "6630f37d296895a558e36cb1"
  },
  "name": "Chad Vergil",
  "item": "Welkin",
  "UID": 808030108,
  "price": 400,
  "purchaseDate": "February 11, 2024",
  "PublicpurchaseDate": {
    "$date": "2024-02-11T00:00:00.000Z"
  },
  "isPurchase": true,
  "isPaid": true,
  "__v": 0
},
{
  "_id": {
    "$oid": "6630f39c296895a558e36cb5"
  },
  "name": "Sudhesh",
  "item": "Welkin",
  "UID": 851035299,
  "price": 390,
  "purchaseDate": "February 15, 2024",
  "PublicpurchaseDate": {
    "$date": "2024-02-15T00:00:00.000Z"
  },
  "isPurchase": true,
  "isPaid": true,
  "__v": 0
},
{
  "_id": {
    "$oid": "6630f3b5296895a558e36cb7"
  },
  "name": "Sudhesh",
  "item": "Express Pass",
  "UID": 811081572,
  "price": 400,
  "purchaseDate": "February 20, 2024",
  "PublicpurchaseDate": {
    "$date": "2024-02-20T00:00:00.000Z"
  },
  "isPurchase": true,
  "isPaid": true,
  "__v": 0
},
{
  "_id": {
    "$oid": "6630f415296895a558e36cbb"
  },
  "name": "Pratyush",
  "item": "Express Pass",
  "UID": 808089896,
  "price": 400,
  "purchaseDate": "February 20, 2024",
  "PublicpurchaseDate": {
    "$date": "2024-02-20T00:00:00.000Z"
  },
  "isPurchase": true,
  "isPaid": true,
  "__v": 0
},
{
  "_id": {
    "$oid": "6630f439296895a558e36cbf"
  },
  "name": "Whis",
  "item": "Welkin",
  "UID": 816555170,
  "price": 400,
  "purchaseDate": "February 21, 2024",
  "PublicpurchaseDate": {
    "$date": "2024-02-21T00:00:00.000Z"
  },
  "isPurchase": true,
  "isPaid": true,
  "__v": 0
},
{
  "_id": {
    "$oid": "6630f44f296895a558e36cc1"
  },
  "name": "Sudhesh",
  "item": "Express Pass",
  "UID": 811081572,
  "price": 400,
  "purchaseDate": "February 24, 2024",
  "PublicpurchaseDate": {
    "$date": "2024-02-24T00:00:00.000Z"
  },
  "isPurchase": true,
  "isPaid": true,
  "__v": 0
},
{
  "_id": {
    "$oid": "6630f478296895a558e36cc5"
  },
  "name": "Sudhesh",
  "item": "Express Pass",
  "UID": 811081572,
  "price": 395,
  "purchaseDate": "February 28, 2024",
  "PublicpurchaseDate": {
    "$date": "2024-02-28T00:00:00.000Z"
  },
  "isPurchase": true,
  "isPaid": true,
  "__v": 0
},
{
  "_id": {
    "$oid": "6630f494296895a558e36cc9"
  },
  "name": "Abhi Pal",
  "item": "Welkin",
  "UID": 819275445,
  "price": 405,
  "purchaseDate": "March 9, 2024",
  "PublicpurchaseDate": {
    "$date": "2024-03-09T00:00:00.000Z"
  },
  "isPurchase": true,
  "isPaid": true,
  "__v": 0
},
{
  "_id": {
    "$oid": "6630f4b1296895a558e36ccb"
  },
  "name": "Shakti",
  "item": "Welkin",
  "UID": 878724128,
  "price": 395,
  "purchaseDate": "March 10, 2024",
  "PublicpurchaseDate": {
    "$date": "2024-03-10T00:00:00.000Z"
  },
  "isPurchase": true,
  "isPaid": true,
  "__v": 0
},
{
  "_id": {
    "$oid": "6630f4ca296895a558e36ccf"
  },
  "name": "Lord Sunny",
  "item": "Welkin",
  "UID": 718005896,
  "price": 400,
  "purchaseDate": "March 15, 2024",
  "PublicpurchaseDate": {
    "$date": "2024-03-15T00:00:00.000Z"
  },
  "isPurchase": true,
  "isPaid": true,
  "__v": 0
},
{
  "_id": {
    "$oid": "6630f4e9296895a558e36cd3"
  },
  "name": "Whis",
  "item": "Welkin",
  "UID": 816555170,
  "price": 400,
  "purchaseDate": "March 15, 2024",
  "PublicpurchaseDate": {
    "$date": "2024-03-15T00:00:00.000Z"
  },
  "isPurchase": true,
  "isPaid": true,
  "__v": 0
},
{
  "_id": {
    "$oid": "6630f9e1cab086f629af3371"
  },
  "name": "Sudhesh",
  "item": "Welkin",
  "UID": 851035299,
  "price": 390,
  "purchaseDate": "March 18, 2024",
  "PublicpurchaseDate": {
    "$date": "2024-03-18T00:00:00.000Z"
  },
  "isPurchase": true,
  "isPaid": true,
  "__v": 0
},
{
  "_id": {
    "$oid": "6630fa08cab086f629af337a"
  },
  "name": "Chad Vergil",
  "item": "Welkin",
  "UID": 808030108,
  "price": 400,
  "purchaseDate": "March 21, 2024",
  "PublicpurchaseDate": {
    "$date": "2024-03-21T00:00:00.000Z"
  },
  "isPurchase": true,
  "isPaid": true,
  "__v": 0
},
{
  "_id": {
    "$oid": "6630fa26cab086f629af337e"
  },
  "name": "Lord Dillo",
  "item": "Welkin",
  "UID": 847974430,
  "price": 400,
  "purchaseDate": "April 5, 2024",
  "PublicpurchaseDate": {
    "$date": "2024-04-05T00:00:00.000Z"
  },
  "isPurchase": true,
  "isPaid": true,
  "__v": 0
},
{
  "_id": {
    "$oid": "6630fa4acab086f629af3382"
  },
  "name": "Abhi Pal",
  "item": "Welkin",
  "UID": 819275445,
  "price": 400,
  "purchaseDate": "April 9, 2024",
  "PublicpurchaseDate": {
    "$date": "2024-04-09T00:00:00.000Z"
  },
  "isPurchase": true,
  "isPaid": true,
  "__v": 0
},
{
  "_id": {
    "$oid": "6630fab3cab086f629af3388"
  },
  "name": "Chad Vergil",
  "item": "Welkin",
  "UID": 808030108,
  "price": 400,
  "purchaseDate": "April 12, 2024",
  "PublicpurchaseDate": {
    "$date": "2024-04-12T00:00:00.000Z"
  },
  "isPurchase": true,
  "isPaid": true,
  "__v": 0
},
{
  "_id": {
    "$oid": "6630facfcab086f629af338c"
  },
  "name": "Scorpion",
  "item": "Welkin",
  "UID": 834014222,
  "price": 400,
  "purchaseDate": "April 14, 2024",
  "PublicpurchaseDate": {
    "$date": "2024-04-14T00:00:00.000Z"
  },
  "isPurchase": true,
  "isPaid": true,
  "__v": 0
},
{
  "_id": {
    "$oid": "6630fae4cab086f629af3390"
  },
  "name": "Shakti",
  "item": "Welkin",
  "UID": 878724128,
  "price": 400,
  "purchaseDate": "April 14, 2024",
  "PublicpurchaseDate": {
    "$date": "2024-04-14T00:00:00.000Z"
  },
  "isPurchase": true,
  "isPaid": true,
  "__v": 0
},
{
  "_id": {
    "$oid": "6630fafacab086f629af3394"
  },
  "name": "Kaushal Raj",
  "item": "Welkin",
  "UID": 821612784,
  "price": 400,
  "purchaseDate": "April 15, 2024",
  "PublicpurchaseDate": {
    "$date": "2024-04-15T00:00:00.000Z"
  },
  "isPurchase": true,
  "isPaid": true,
  "__v": 0
}]